Workbook

Sheet 📖 Instructions
A1: Call Center Forecast Template - User Guide
A3: 📋 Quick Start (5 minutes)
A4: 1. Go to 'Data Input' sheet
A5: 2. Paste your historical data (Date, Time, Calls_Offered, AHT)
A6: 3. Go to 'FORECAST.ETS' sheet
A7: 4. Review the automatically generated forecast
A8: 5. Check 'Accuracy Dashboard' for MAPE score
A10: 📊 Worksheet Overview
A12: Sheet Name | B12: Purpose
A13: Data Input | B13: Paste your historical call data here (min 12 months)
A14: FORECAST.ETS | B14: Automated forecasting using Excel 2016+ built-in function
A15: Seasonal Decomposition | B15: Manual method - works in any Excel version
A16: Simple Exp Smoothing | B16: Quick short-term (1-3 days) forecast
A17: Accuracy Dashboard | B17: Track forecast accuracy (MAPE, MAE, RMSE)
A18: Event Calendar | B18: List special events and volume impacts
A19: Staffing Calculator | B19: Convert forecasted calls to required agents
A21: 💡 Tips for Best Results
A22: • Use at least 12 months of data (24-36 months recommended)
A23: • Data should be in 15-30 minute intervals
A24: • Remove system outages and data errors before forecasting
A25: • Update forecasts weekly with latest data
A26: • Track accuracy and adjust methods if MAPE > 10%
A28: 📈 Accuracy Targets
A29: MAPE < 5% = Excellent (highly reliable)
A30: MAPE 5-7% = Good (suitable for most decisions)
A31: MAPE 7-10% = Acceptable (add safety buffers)
A32: MAPE > 10% = Poor (need more data or different method)
A34: 🔗 Resources
... A37: • GitHub: https://github.com/dpereda/call-center-workforce-planning

Sheet 📥 Data Input
A1: Historical Call Data
A2: Paste your historical data below (minimum 12 months recommended)
A4: Date | B4: Time_Interval | C4: Calls_Offered | D4: AHT_Seconds | E4: Calls_Answered | F4: Calls_Abandoned
A5: 1/1/25 | B5: 08:00-08:15 | C5: 16 | D5: 270 | E5: 15 | F5: 1
A6: 1/1/25 | B6: 08:15-08:30 | C6: 12 | D6: 268 | E6: 12 | F6: 0
A7: 1/1/25 | B7: 08:30-08:45 | C7: 9 | D7: 275 | E7: 9 | F7: 0
A8: (Paste your data starting from row 5)

Sheet 📈 FORECAST.ETS
A1: FORECAST.ETS - Automated Forecasting
A2: This method uses Excel 2016+ Triple Exponential Smoothing (Holt-Winters). Requires Excel 2016 or newer.
A4: 📊 Setup
A5: Historical Data Range: | B5: ='📥 Data Input'!A5:A1000
A6: Forecast Start Date: | B6: =TODAY()+1
A7: Forecast Periods: | B7: 672 | C7: (672 = 1 week of 15-min intervals)
A8: Seasonality (96 = daily for 15-min): | B8: 96
A10: Date | B10: Time_Interval | C10: Forecasted_Calls | D10: Lower_Bound_95% | E10: Upper_Bound_95% | F10: Event_Adjustment | G10: Final_Forecast
A11: =$B$6 | B11: ="08:00-08:15" | C11: =IFERROR(FORECAST.ETS($A11, '📥 Data Input'!$C$5:$C$1000, '📥 Data Input'!$A$5:$A$1000, $B$8, 1, 1), "Need Excel 2016+") | D11: =IFERROR(C11 - FORECAST.ETS.CONFINT($A11, '📥 Data Input'!$C$5:$C$1000, '📥 Data Input'!$A$5:$A$1000, 0.95, $B$8), "") | E11: =IFERROR(C11 + FORECAST.ETS.CONFINT($A11, '📥 Data Input'!$C$5:$C$1000, '📥 Data Input'!$A$5:$A$1000, 0.95, $B$8), "") | F11: 1 | G11: =C11*F11
A13: Instructions: Copy formulas in row 11 down for all forecast periods

Sheet 📉 Seasonal Decomp
A1: Seasonal Decomposition Method
A2: This method works in ANY Excel version. Formula: Forecast = Trend × Seasonal_Index
A4: Step 1: Calculate Seasonal Indices
A5: Time Interval | B5: Avg Calls (Historical) | C5: Overall Average | D5: Seasonal Index
A6: 08:00-08:15 | B6: =AVERAGEIF('📥 Data Input'!$B$5:$B$1000, A6, '📥 Data Input'!$C$5:$C$1000) | C6: =AVERAGE('📥 Data Input'!$C$5:$C$1000) | D6: =B6/C6
A7: 08:15-08:30
A8: 08:30-08:45
A9: ...(continue for all 96 intervals)
A12: Step 2: Calculate Trend
A13: Use linear regression or moving average to determine growth trend | B13: Trend_Multiplier: | C13: 1.07 | D13: (Example: 1.07 = 7% annual growth)
A16: Step 3: Generate Forecast
A17: Date | B17: Time_Interval | C17: Base_Calls | D17: Seasonal_Index | E17: Trend | F17: Forecast
A18: =TODAY()+1 | B18: 08:00-08:15 | C18: =AVERAGE('📥 Data Input'!$C$5:$C$1000) | D18: =VLOOKUP(B18, $A$6:$D$101, 4, FALSE) | E18: =$C$13 | F18: =C18*D18*E18

Sheet ⚡ Simple Exp Smooth
A1: Simple Exponential Smoothing
A2: Best for short-term forecasts (1-3 days). Formula: Forecast = α × Actual + (1-α) × Previous_Forecast
A4: Alpha (α): | B4: 0.3 | C4: (0.1-0.3 for stable, 0.4-0.6 for volatile)
A5: Initial Forecast: | B5: =AVERAGE('📥 Data Input'!$C$5:$C$100)
A7: Date | B7: Time_Interval | C7: Actual_Calls | D7: Forecast | E7: Error
A8: ='📥 Data Input'!A5 | B8: ='📥 Data Input'!B5 | C8: ='📥 Data Input'!C5 | D8: =$B$5 | E8: =C8-D8
A9: ='📥 Data Input'!A6 | B9: ='📥 Data Input'!B6 | C9: ='📥 Data Input'!C6 | D9: =$B$4*C8+(1-$B$4)*D8 | E9: =C9-D9
A11: Copy row 9 formulas down for all historical data, then continue for forecast periods

Sheet 📊 Accuracy Dashboard
A1: Forecast Accuracy Metrics
A3: 📈 Key Metrics
A4: Metric | B4: Formula | C4: Your Result | D4: Target
A5: MAPE (%) | B5: =AVERAGE(ABS((Actual-Forecast)/Actual)*100) | D5: < 7%
A6: MAE | B6: =AVERAGE(ABS(Actual-Forecast)) | D6: < 5 calls
A7: RMSE | B7: =SQRT(AVERAGE((Actual-Forecast)^2)) | D7: < 8 calls
A8: Bias | B8: =AVERAGE(Forecast-Actual) | D8: ~0 (unbiased)
A10: 📝 How to Use This Dashboard
A11: 1. Replace 'Actual' and 'Forecast' in formulas above with your data ranges
A12: 2. MAPE < 7% is good for call center forecasting
A13: 3. Track these metrics weekly to monitor forecast quality
A14: 4. If MAPE > 10%, review your method or data quality
A16: 📋 Detailed Error Analysis
A17: Date | B17: Time | C17: Actual | D17: Forecast | E17: Error | F17: Abs_Error | G17: Pct_Error | H17: Sq_Error
A18: ='📥 Data Input'!A5 | B18: ='📥 Data Input'!B5 | C18: ='📥 Data Input'!C5 | D18: ='📈 FORECAST.ETS'!G11 | E18: =D18-C18 | F18: =ABS(E18) | G18: =IF(C18<>0, ABS(E18/C18)*100, 0) | H18: =E18^2

Sheet 📅 Event Calendar
A1: Special Events Calendar
A2: List special events that impact call volumes. Use multipliers in forecast sheets.
A4: Date | B4: Event_Name | C4: Event_Type | D4: Expected_Impact | E4: Notes
A5: 2/14/25 | B5: Valentine's Day Promo | C5: Marketing Campaign | D5: 1.25 (+25%) | E5: Email blast + social media
A6: 3/15/25 | B6: Spring Product Launch | C6: Product Launch | D6: 1.40 (+40%) | E6: New product line announcement
A7: 4/1/25 | B7: Monthly Billing | C7: Billing Cycle | D7: 1.15 (+15%) | E7: Standard monthly spike
A8: 7/4/25 | B8: Independence Day | C8: Holiday (Closed) | D8: 0.00 (-100%) | E8: Office closed
A9: 11/24/25 | B9: Black Friday | C9: Peak Event | D9: 1.60 (+60%) | E9: Major sales event
A12: 📚 Typical Impact Multipliers
A13: Event Type | B13: Typical Multiplier
A14: Email Campaign | B14: 1.15 - 1.25 (+15-25%)
A15: Product Launch | B15: 1.30 - 1.50 (+30-50%)
A16: Billing Cycle | B16: 1.10 - 1.15 (+10-15%)
A17: Holiday (before) | B17: 1.20 - 1.40 (+20-40%)
A18: Holiday (closed) | B18: 0.00 (-100%)
A19: Black Friday/Peak | B19: 1.50 - 1.80 (+50-80%)

Sheet 👥 Staffing Calculator
A1: Staffing Requirements Calculator
A2: Convert forecasted call volumes to required agent staffing using Square Root Staffing Rule
A4: ⚙️ Configuration
A5: Interval Length (seconds): | B5: 900 | C5: (900 = 15 minutes)
A6: Expected AHT (seconds): | B6: 270
A7: K-value (safety factor): | B7: 1.6 | C7: (1.4-2.0 range, higher = better service)
A8: Service Level Target: | B8: 80/90
A10: Date | B10: Time | C10: Forecasted_Calls | D10: Traffic (Erlangs) | E10: Base_Agents | F10: Safety_Buffer | G10: Required_Agents | H10: Notes
A11: ='📈 FORECAST.ETS'!A11 | B11: ='📈 FORECAST.ETS'!B11 | C11: ='📈 FORECAST.ETS'!G11 | D11: =(C11*$B$6)/$B$5 | E11: =D11 | F11: =$B$7*SQRT(D11) | G11: =CEILING(E11+F11, 1) | H11: =IF(G11>20,"Peak Period",IF(G11<5,"Low Volume","Normal"))
A13: Copy formulas down for all forecast periods
A15: 📊 Summary Statistics
A16: Metric | B16: Formula | C16: Result
A17: Average Agents Required | B17: =AVERAGE(G11:G107)
A18: Peak Agents Required | B18: =MAX(G11:G107)
A19: Minimum Agents Required | B19: =MIN(G11:G107)
A20: Total Agent Hours (Weekly) | B20: =SUM(G11:G107)/4
